first_name,last_name,state,company_name,city,phone2
Detra,Coyier,MD,Schott Fiber Optics Inc,Aberdeen,410-259-2118
Glory,Schieler,TX,Mcgraths Seafood,Abilene,325-740-3778
Carlee,Boulter,KS,"Tippett, Troy M Ii",Abilene,785-253-7049
Kati,Rulapaugh,KS,Eder Assocs Consltng Engrs Pc,Abilene,785-219-7724
Lilli,Scriven,TX,"Hunter, John J Esq",Abilene,325-667-7868
Thurman,Manno,NJ,Honey Bee Breeding Genetics &,Absecon,609-234-8376
Stephen,Emigh,OH,"Sharp, J Daniel Esq",Akron,330-700-2312
Maryann,Royster,NY,"Franklin, Peter L Esq",Albany,518-448-8982
Scarlet,Cartan,GA,"Box, J Calvin Esq",Albany,229-365-9658
Flo,Bookamer,NE,Simonton Howe & Schneider Pc,Alliance,308-250-6987
Cathrine,Pontoriero,TX,Business Systems Of Wis Inc,Amarillo,806-558-5848
Venita,Maillard,CA,Wallace Church Assoc Inc,Anaheim,714-663-9740
Penney,Weight,AK,Hawaiian King Hotel,Anchorage,907-873-2882
Gail,Kitty,AK,Service Supply Co Inc,Anchorage,907-770-3542
Wilda,Giguere,AK,"Mclaughlin, Luther W Cpa",Anchorage,907-914-9482
Lenna,Paprocki,AK,Feltz Printing Service,Anchorage,907-921-2010
Malcolm,Tromblay,VA,Versatile Sash & Woodwork,Annandale,703-874-4248
Chaya,Malvin,MI,Dunnells & Duvall,Ann Arbor,734-408-8174
Kristeen,Turinetti,TX,Jeanerette Middle School,Arlington,817-947-9480
Weldon,Acuff,IL,Advantage Martgage Company,Arlington Heights,847-613-5866
Simona,Morasca,OH,"Chapman, Ross E Esq",Ashland,419-800-6759
Bette,Nicka,PA,Sport En Art,Aston,610-492-4643
Janine,Rhoden,NY,Nordic Group Inc,Astoria,718-728-5051
Sarah,Candlish,GA,Alabama Educational Tv Comm,Atlanta,770-531-2842
Izetta,Funnell,GA,Baird Kurtz & Dobson,Atlanta,770-584-4119
Renea,Monterrubio,GA,Wmmt Radio Station,Atlanta,770-930-9967
Paris,Wide,GA,Gehring Pumps Inc,Atlanta,404-607-8435
An,Fritz,NJ,Linguistic Systems Inc,Atlantic City,609-854-7156
Cheryl,Haroldson,NJ,New York Life John Thune,Atlantic City,609-263-9243
Rebecka,Gesick,TX,Polykote Inc,Austin,512-693-8345
Mariann,Bilden,TX,H P G Industrys Inc,Austin,512-742-1149
Cecily,Hollack,TX,Arthur A Oliver & Son Inc,Austin,512-861-3814
Kaitlyn,Ogg,MD,"Garrison, Paul E Esq",Baltimore,410-773-3862
Kris,Marrier,MD,"King, Christopher A Esq",Baltimore,410-804-4694
Eden,Jayson,MD,Harris Corporation,Baltimore,410-429-4888
Izetta,Dewar,MD,"Lisatoni, Jean Esq",Baltimore,410-522-7621
Laurel,Reitler,MD,Q A Service,Baltimore,410-957-6903
Goldie,Schirpke,ME,"Reuter, Arthur C Jr",Bangor,207-748-3722
Jolanda,Hanafan,ME,"Perez, Joseph J Esq",Bangor,207-233-6185
Hubert,Walthall,OH,"Dee, Deanna",Barberton,330-566-8898
Lettie,Isenhower,OH,"Conte, Christopher A Esq",Beachwood,216-733-8494
Karan,Karpin,OR,New England Taxidermy,Beaverton,503-707-5812
Merissa,Tomblin,CA,One Day Surgery Center Inc,Bellflower,562-719-7922
Estrella,Samu,WI,Marking Devices Pubg Co,Beloit,608-942-8836
Joesph,Degonia,CA,A R Packaging,Berkeley,510-942-5916
Chau,Kitzman,CA,"Benoff, Edward Esq",Beverly Hills,310-969-7230
Louvenia,Beech,CA,John Ortiz Nts Therapy Center,Beverly Hills,310-652-2379
Leonida,Gobern,MS,"Holmes, Armstead J Esq",Biloxi,228-432-4635
Elouise,Gwalthney,MD,Quality Inn Northwest,Bladensburg,301-591-3034
Truman,Feichtner,NJ,Legal Search Inc,Bloomfield,973-473-5108
